-- 🚀 BACKUP FINAL CONSOLIDADO EJA 2026
-- Este script limpa o banco, cria a estrutura correta e insere todos os dados normalizados.

BEGIN;

-- 1. LIMPEZA E PREPARAÇÃO DA ESTRUTURA
ALTER TABLE ef_students DROP CONSTRAINT IF EXISTS ef_students_class_id_fkey;
DROP TABLE IF EXISTS ef_attendance;

-- Recriação da tabela de frequência no formato simplificado do App
CREATE TABLE ef_attendance (
    id BIGINT GENERATED BY DEFAULT AS IDENTITY PRIMARY KEY,
    teacher_name TEXT NOT NULL,
    discipline TEXT NOT NULL,
    class_name TEXT NOT NULL,
    student_name TEXT NOT NULL,
    status TEXT NOT NULL,
    date DATE NOT NULL,
    created_at TIMESTAMP WITH TIME ZONE DEFAULT NOW()
);

-- Limpeza de dados antigos
TRUNCATE ef_students, ef_classes, ef_teachers CASCADE;

-- 2. POLÍTICAS DE SEGURANÇA (RLS) E PERMISSÕES
ALTER TABLE ef_teachers ENABLE ROW LEVEL SECURITY;
ALTER TABLE ef_classes ENABLE ROW LEVEL SECURITY;
ALTER TABLE ef_students ENABLE ROW LEVEL SECURITY;
ALTER TABLE ef_attendance ENABLE ROW LEVEL SECURITY;

DROP POLICY IF EXISTS "Acesso Público" ON ef_teachers;
CREATE POLICY "Acesso Público" ON ef_teachers FOR SELECT USING (true);
DROP POLICY IF EXISTS "Acesso Público" ON ef_classes;
CREATE POLICY "Acesso Público" ON ef_classes FOR SELECT USING (true);
DROP POLICY IF EXISTS "Acesso Público" ON ef_students;
CREATE POLICY "Acesso Público" ON ef_students FOR SELECT USING (true);
DROP POLICY IF EXISTS "Leitura de Frequência" ON ef_attendance;
CREATE POLICY "Leitura de Frequência" ON ef_attendance FOR SELECT USING (true);
DROP POLICY IF EXISTS "Inserção de Frequência" ON ef_attendance;
CREATE POLICY "Inserção de Frequência" ON ef_attendance FOR INSERT WITH CHECK (true);

GRANT ALL ON ef_teachers TO anon, authenticated, service_role;
GRANT ALL ON ef_classes TO anon, authenticated, service_role;
GRANT ALL ON ef_students TO anon, authenticated, service_role;
GRANT ALL ON ef_attendance TO anon, authenticated, service_role;

-- 3. INSERÇÃO DE DADOS (PROFESSORES, TURMAS E ALUNOS)
-- [O conteúdo abaixo é baseado no migrate_2026.sql gerado anteriormente]
INSERT INTO ef_teachers (id, name, subject) VALUES ('5b03a636-be5c-47c1-a4ca-9ff9610a3882', 'MARIA EUNICE', 'LINGUA PORTUGUESA');
INSERT INTO ef_teachers (id, name, subject) VALUES ('d0c5fa9a-7023-47e8-a033-2b857c7b6bd8', 'FRANCINELDA', 'LINGUA PORTUGUESA');
INSERT INTO ef_teachers (id, name, subject) VALUES ('fbd75d43-b3f7-4191-a11b-b985874e7548', 'CARMEN SILVIA', 'INGLÊS');
INSERT INTO ef_teachers (id, name, subject) VALUES ('265913bc-13b4-42cc-8f4b-52a1b7feff7b', 'LINDELVANIA', 'LINGUA INGLESA');
INSERT INTO ef_teachers (id, name, subject) VALUES ('048ee9ee-e77a-4de4-8e55-32147d53f83c', 'GEMILSON', 'MATEMÁTICA');
INSERT INTO ef_teachers (id, name, subject) VALUES ('1541da17-5f92-4c13-9440-4d830ce1a67a', 'WESLEY', 'MATEMÁTICA');
INSERT INTO ef_teachers (id, name, subject) VALUES ('55e41ba4-d69d-4065-8ba1-c4003a2a9407', 'EDNARDO', 'FÍSICA');
INSERT INTO ef_teachers (id, name, subject) VALUES ('af54d3a7-383e-451d-aae1-b162857dcd86', 'JORGE', 'FÍSICA');
INSERT INTO ef_teachers (id, name, subject) VALUES ('fe72e4ef-ccda-4fe1-a7fe-72440aa4814b', 'WILSILENE', 'QUÍMICA');
INSERT INTO ef_teachers (id, name, subject) VALUES ('85d2a539-95d9-466a-abf1-0628976d7c1d', 'HELANNE', 'BIOLOGIA');
INSERT INTO ef_teachers (id, name, subject) VALUES ('11bf850f-95a8-4daa-82ab-824da75fb7e2', 'ASSUNÇÃO', 'GEOGRAFIA');
INSERT INTO ef_teachers (id, name, subject) VALUES ('337dbd14-ae08-4f7d-8b15-da61f1f7a1aa', 'FRANCISCA DA SILVA', 'HISTÓRIA');
INSERT INTO ef_teachers (id, name, subject) VALUES ('fa6329e5-117f-42d1-8527-ba9e2630e053', 'DANIEL MAGALHÃES', 'FILOSOFIA e SOCIOLOGIA');
INSERT INTO ef_teachers (id, name, subject) VALUES ('a9915d88-b067-4fc6-b208-38e77cea2722', 'MARCOS AURÉLIO', 'EMPREENDEDORISMO PARA TI');
INSERT INTO ef_teachers (id, name, subject) VALUES ('e0864437-9d7d-46be-83fc-b1ec75530f55', 'LUCIANO', 'EMPREENDEDORISMO PARA TI');
INSERT INTO ef_teachers (id, name, subject) VALUES ('cd3d415c-296e-4fc1-bb5b-8d2026cfa58f', 'PROFESSOR ARTE', 'ARTE');
INSERT INTO ef_teachers (id, name, subject) VALUES ('63ddcc96-321a-4b51-9b1d-1019ab01727a', 'GERSON DOS SANTOS', 'ELETIVA ORIENTADA');
INSERT INTO ef_teachers (id, name, subject) VALUES ('39bb3cce-cd35-4d58-a126-0aca76aaa54d', 'DENILSON', 'BANCO DE DADOS');
INSERT INTO ef_teachers (id, name, subject) VALUES ('dfbd3af9-2162-4eea-9392-49a2f8eeb916', 'JARBAS FERNANDES DE OLIVEIRA', 'PROJETO DE APRENDIZAGEM INTERDISCIPLINAR');
INSERT INTO ef_teachers (id, name, subject) VALUES ('37b2944b-a0b0-4f87-a6e6-f8dfa45b28e8', 'ELLYDA FERNANDA', 'LINGUA ESPANHOLA');
INSERT INTO ef_teachers (id, name, subject) VALUES ('a42fa18d-853b-4539-a7a3-555fe707793b', 'ADELIA MARIA VIANA PINHEIRO', 'EDUCAÇÃO FÍSICA');
INSERT INTO ef_teachers (id, name, subject) VALUES ('52c189c1-3870-414e-8afa-76d52aa363aa', 'ALEXSANDRA MARIA LINARD PAES LANDIM', 'LÍNGUA PORTUGUESA');
INSERT INTO ef_classes (id, name, grade, teacher_id) VALUES ('da673771-66a5-4f9a-83b4-51bcf6e39a69', 'LINGUA PORTUGUESA', 'MÓDULO ALTE IA', '5b03a636-be5c-47c1-a4ca-9ff9610a3882');
INSERT INTO ef_classes (id, name, grade, teacher_id) VALUES ('80ac4b7e-a81e-4ea1-8fab-c261aadc38f6', 'LINGUA PORTUGUESA', 'MÓDULO MARK IA', '5b03a636-be5c-47c1-a4ca-9ff9610a3882');
INSERT INTO ef_classes (id, name, grade, teacher_id) VALUES ('f59470d1-168a-412b-80ac-38595a21cd1f', 'LINGUA PORTUGUESA', 'MÓDULO INFO IIIA', 'd0c5fa9a-7023-47e8-a033-2b857c7b6bd8');
INSERT INTO ef_classes (id, name, grade, teacher_id) VALUES ('ead6cc29-7c91-485d-a6f8-4b91153a5ba3', 'LINGUA PORTUGUESA', 'MÓDULO INFO IIIB', 'd0c5fa9a-7023-47e8-a033-2b857c7b6bd8');
INSERT INTO ef_classes (id, name, grade, teacher_id) VALUES ('8d0a9901-526c-4680-9d86-fd74b8925467', 'LINGUA PORTUGUESA', 'MÓDULO INFO VA', 'd0c5fa9a-7023-47e8-a033-2b857c7b6bd8');
INSERT INTO ef_classes (id, name, grade, teacher_id) VALUES ('57a4c42f-4ac3-42f9-9513-a5e807218dac', 'LINGUA PORTUGUESA', 'MÓDULO INFO VB', 'd0c5fa9a-7023-47e8-a033-2b857c7b6bd8');
INSERT INTO ef_classes (id, name, grade, teacher_id) VALUES ('c57cf695-89a0-47e7-8455-f24d04d19f49', 'LINGUA PORTUGUESA', 'MÓDULO INFO VC', 'd0c5fa9a-7023-47e8-a033-2b857c7b6bd8');
INSERT INTO ef_classes (id, name, grade, teacher_id) VALUES ('32386364-f96f-4abb-84b5-51599d013cf7', 'INGLÊS', 'MÓDULO ALTE IA', 'fbd75d43-b3f7-4191-a11b-b985874e7548');
INSERT INTO ef_classes (id, name, grade, teacher_id) VALUES ('75430932-0fab-4416-ab5a-dab88a458043', 'INGLÊS', 'MÓDULO INFO IIIA', 'fbd75d43-b3f7-4191-a11b-b985874e7548');
INSERT INTO ef_classes (id, name, grade, teacher_id) VALUES ('1cf9116e-fd35-4f6a-bf80-9a82521be151', 'INGLÊS', 'MÓDULO INFO IIIB', 'fbd75d43-b3f7-4191-a11b-b985874e7548');
INSERT INTO ef_classes (id, name, grade, teacher_id) VALUES ('3a0aa3bf-732e-4447-a3c1-1530c50812ad', 'LINGUA INGLESA', 'MÓDULO INFO IA', '265913bc-13b4-42cc-8f4b-52a1b7feff7b');
INSERT INTO ef_classes (id, name, grade, teacher_id) VALUES ('af6e5a85-afc7-4144-8368-a322e5e90337', 'LINGUA INGLESA', 'MÓDULO MARK IA', '265913bc-13b4-42cc-8f4b-52a1b7feff7b');
INSERT INTO ef_classes (id, name, grade, teacher_id) VALUES ('10196a69-ef21-498e-99e7-387b3a73c3ca', 'LINGUA INGLESA', 'MÓDULO INFO VC', '265913bc-13b4-42cc-8f4b-52a1b7feff7b');
INSERT INTO ef_classes (id, name, grade, teacher_id) VALUES ('272cc76b-8235-416c-b900-8a3a5b97a635', 'LINGUA INGLESA', 'MÓDULO INFO VD', '265913bc-13b4-42cc-8f4b-52a1b7feff7b');
INSERT INTO ef_classes (id, name, grade, teacher_id) VALUES ('a36d0606-23f4-49e0-b511-bd75f184bca9', 'LINGUA ESPANHOLA', 'MÓDULO INFO IA', '265913bc-13b4-42cc-8f4b-52a1b7feff7b');
INSERT INTO ef_classes (id, name, grade, teacher_id) VALUES ('254da5e5-eb9a-4c7c-a1f0-7da545dddb85', 'LINGUA ESPANHOLA', 'MÓDULO MARK IA', '265913bc-13b4-42cc-8f4b-52a1b7feff7b');
INSERT INTO ef_classes (id, name, grade, teacher_id) VALUES ('13352517-e7fe-4661-9986-526fa1786e8e', 'LINGUA ESPANHOLA', 'MÓDULO INFO VC', '265913bc-13b4-42cc-8f4b-52a1b7feff7b');
INSERT INTO ef_classes (id, name, grade, teacher_id) VALUES ('ecf9dbae-8fd4-45ff-9f94-a11a0e3216f6', 'LINGUA ESPANHOLA', 'MÓDULO INFO VD', '265913bc-13b4-42cc-8f4b-52a1b7feff7b');
INSERT INTO ef_classes (id, name, grade, teacher_id) VALUES ('354f9846-ae01-4ba4-8ea5-6762e1ccdca0', 'INGLÊS INSTRUMENTAL', 'MÓDULO INFO IA', '265913bc-13b4-42cc-8f4b-52a1b7feff7b');
INSERT INTO ef_classes (id, name, grade, teacher_id) VALUES ('7dbc6049-5ba2-4961-8bf2-ce7de140f079', 'INGLÊS INSTRUMENTAL', 'MÓDULO MARK IA', '265913bc-13b4-42cc-8f4b-52a1b7feff7b');
INSERT INTO ef_classes (id, name, grade, teacher_id) VALUES ('ac23a59b-fd73-4775-9cf8-af70e49c3686', 'INGLÊS INSTRUMENTAL', 'MÓDULO INFO VC', '265913bc-13b4-42cc-8f4b-52a1b7feff7b');
INSERT INTO ef_classes (id, name, grade, teacher_id) VALUES ('4a5a69fc-4365-4351-9037-15e84302c737', 'INGLÊS INSTRUMENTAL', 'MÓDULO INFO VD', '265913bc-13b4-42cc-8f4b-52a1b7feff7b');
INSERT INTO ef_classes (id, name, grade, teacher_id) VALUES ('e3bb3028-72f9-4dd0-96cb-a850dc00f12c', 'MATEMÁTICA', 'MÓDULO ALTE IA', '048ee9ee-e77a-4de4-8e55-32147d53f83c');
INSERT INTO ef_classes (id, name, grade, teacher_id) VALUES ('c71b5b14-e923-4d30-9756-3c1d0a89648e', 'MATEMÁTICA', 'MÓDULO INFO IA', '048ee9ee-e77a-4de4-8e55-32147d53f83c');
INSERT INTO ef_classes (id, name, grade, teacher_id) VALUES ('482d1725-8e35-4b06-9055-c3104e63f204', 'MATEMÁTICA', 'MÓDULO MARK IA', '048ee9ee-e77a-4de4-8e55-32147d53f83c');
INSERT INTO ef_classes (id, name, grade, teacher_id) VALUES ('cc7b56fc-e76e-44dd-98c2-c6c703b9f856', 'MATEMÁTICA', 'MÓDULO INFO IIIA', '1541da17-5f92-4c13-9440-4d830ce1a67a');
INSERT INTO ef_classes (id, name, grade, teacher_id) VALUES ('abdeb1dd-6d7a-428c-bb9a-bfe97336578c', 'MATEMÁTICA', 'MÓDULO INFO IIIB', '1541da17-5f92-4c13-9440-4d830ce1a67a');
INSERT INTO ef_classes (id, name, grade, teacher_id) VALUES ('b41adf49-631c-4ae5-b589-d1bda862b94a', 'MATEMÁTICA', 'MÓDULO INFO VA', '1541da17-5f92-4c13-9440-4d830ce1a67a');
INSERT INTO ef_classes (id, name, grade, teacher_id) VALUES ('8f1cfdc4-5025-4cee-9c3e-b83360cbb41c', 'MATEMÁTICA', 'MÓDULO INFO VB', '1541da17-5f92-4c13-9440-4d830ce1a67a');
INSERT INTO ef_classes (id, name, grade, teacher_id) VALUES ('eb9cefdb-d790-49f7-9538-514171949182', 'MATEMÁTICA', 'MÓDULO INFO VC', '1541da17-5f92-4c13-9440-4d830ce1a67a');
INSERT INTO ef_classes (id, name, grade, teacher_id) VALUES ('999dc786-aeab-4afe-a684-b84a8f07a77b', 'MATEMÁTICA', 'MÓDULO INFO VD', '1541da17-5f92-4c13-9440-4d830ce1a67a');
INSERT INTO ef_classes (id, name, grade, teacher_id) VALUES ('0d253a78-d2d4-49a8-aa6d-88360d3f15d4', 'FÍSICA', 'MÓDULO ALTE IA', '55e41ba4-d69d-4065-8ba1-c4003a2a9407');
INSERT INTO ef_classes (id, name, grade, teacher_id) VALUES ('fde8bbe2-9924-4af9-bfaa-b6f2904aa22d', 'FÍSICA', 'MÓDULO MARK IA', '55e41ba4-d69d-4065-8ba1-c4003a2a9407');
INSERT INTO ef_classes (id, name, grade, teacher_id) VALUES ('3904089e-6422-40b0-9ba7-a53e78a98d0b', 'FÍSICA', 'MÓDULO INFO IIIA', 'af54d3a7-383e-451d-aae1-b162857dcd86');
INSERT INTO ef_classes (id, name, grade, teacher_id) VALUES ('b96cafc4-98db-4fef-97da-96c1c9d25898', 'FÍSICA', 'MÓDULO INFO IIIB', 'af54d3a7-383e-451d-aae1-b162857dcd86');
INSERT INTO ef_classes (id, name, grade, teacher_id) VALUES ('7bed2c22-641f-44ab-8150-29ded18e57a5', 'FÍSICA', 'MÓDULO INFO VA', 'af54d3a7-383e-451d-aae1-b162857dcd86');
INSERT INTO ef_classes (id, name, grade, teacher_id) VALUES ('8384a857-c92e-4acf-b69f-7d560a82af7e', 'FÍSICA', 'MÓDULO INFO VB', 'af54d3a7-383e-451d-aae1-b162857dcd86');
INSERT INTO ef_classes (id, name, grade, teacher_id) VALUES ('5e4fe1e2-2014-4ad3-b6ba-9cb180f03443', 'FÍSICA', 'MÓDULO INFO VC', 'af54d3a7-383e-451d-aae1-b162857dcd86');
INSERT INTO ef_classes (id, name, grade, teacher_id) VALUES ('77281943-8643-47f0-9946-6f9b8847d653', 'FÍSICA', 'MÓDULO INFO VD', 'af54d3a7-383e-451d-aae1-b162857dcd86');
INSERT INTO ef_classes (id, name, grade, teacher_id) VALUES ('b942486b-a519-4ec4-a288-77819efbb020', 'QUÍMICA', 'MÓDULO INFO IIIA', 'fe72e4ef-ccda-4fe1-a7fe-72440aa4814b');
INSERT INTO ef_classes (id, name, grade, teacher_id) VALUES ('a3a76e18-8d6b-4dff-ab36-10196a01691d', 'QUÍMICA', 'MÓDULO INFO IIIB', 'fe72e4ef-ccda-4fe1-a7fe-72440aa4814b');
INSERT INTO ef_classes (id, name, grade, teacher_id) VALUES ('61864e73-015a-41e1-bf28-05b77a411c79', 'QUÍMICA', 'MÓDULO INFO VA', 'fe72e4ef-ccda-4fe1-a7fe-72440aa4814b');
INSERT INTO ef_classes (id, name, grade, teacher_id) VALUES ('c8649b8e-8911-474e-b46f-1d129ece771a', 'QUÍMICA', 'MÓDULO INFO VB', 'fe72e4ef-ccda-4fe1-a7fe-72440aa4814b');
INSERT INTO ef_classes (id, name, grade, teacher_id) VALUES ('bcd30879-8183-4e99-a268-d55f4b4f5625', 'QUÍMICA', 'MÓDULO INFO VC', 'fe72e4ef-ccda-4fe1-a7fe-72440aa4814b');
INSERT INTO ef_classes (id, name, grade, teacher_id) VALUES ('4a614d1f-a053-4071-98c5-fb928c6b7dbd', 'QUÍMICA', 'MÓDULO INFO VD', 'fe72e4ef-ccda-4fe1-a7fe-72440aa4814b');
INSERT INTO ef_classes (id, name, grade, teacher_id) VALUES ('6ca285c6-4fd4-46b2-9f50-911cd9ff3d7e', 'QUÍMICA', 'MÓDULO MARK IA', 'fe72e4ef-ccda-4fe1-a7fe-72440aa4814b');
INSERT INTO ef_classes (id, name, grade, teacher_id) VALUES ('a6d7ad4f-b5af-4977-8b47-07034fbeb018', 'BIOLOGIA', 'MÓDULO ALTE IA', '85d2a539-95d9-466a-abf1-0628976d7c1d');
INSERT INTO ef_classes (id, name, grade, teacher_id) VALUES ('b31a56f8-752a-44b2-af82-d94d7591b09a', 'BIOLOGIA', 'MÓDULO INFO IIIA', '85d2a539-95d9-466a-abf1-0628976d7c1d');
INSERT INTO ef_classes (id, name, grade, teacher_id) VALUES ('d81d250f-4cda-47e1-93c6-923f48f87930', 'BIOLOGIA', 'MÓDULO INFO IIIB', '85d2a539-95d9-466a-abf1-0628976d7c1d');
INSERT INTO ef_classes (id, name, grade, teacher_id) VALUES ('fdb0662d-4843-4af1-9bfa-1666b3feb209', 'BIOLOGIA', 'MÓDULO INFO VA', '85d2a539-95d9-466a-abf1-0628976d7c1d');
INSERT INTO ef_classes (id, name, grade, teacher_id) VALUES ('5c9ef407-1ffb-46b5-99c4-4ba6b5001b50', 'BIOLOGIA', 'MÓDULO INFO VB', '85d2a539-95d9-466a-abf1-0628976d7c1d');
INSERT INTO ef_classes (id, name, grade, teacher_id) VALUES ('c75a70ab-d82c-4e26-aec2-dcd3bf5366f1', 'BIOLOGIA', 'MÓDULO INFO VC', '85d2a539-95d9-466a-abf1-0628976d7c1d');
INSERT INTO ef_classes (id, name, grade, teacher_id) VALUES ('5ef8a177-bcab-4e3f-8291-e86b521d3307', 'BIOLOGIA', 'MÓDULO INFO VD', '85d2a539-95d9-466a-abf1-0628976d7c1d');
INSERT INTO ef_classes (id, name, grade, teacher_id) VALUES ('c41e8d99-55b4-4577-b940-406a3f8800d5', 'BIOLOGIA', 'MÓDULO MARK IA', '85d2a539-95d9-466a-abf1-0628976d7c1d');
INSERT INTO ef_classes (id, name, grade, teacher_id) VALUES ('dac6d33d-b4fd-4061-9559-9db18ed9bcad', 'GEOGRAFIA', 'MÓDULO ALTE IA', '11bf850f-95a8-4daa-82ab-824da75fb7e2');
INSERT INTO ef_classes (id, name, grade, teacher_id) VALUES ('143ff088-63a0-42f2-8199-e77ad479d147', 'GEOGRAFIA', 'MÓDULO INFO IIIA', '11bf850f-95a8-4daa-82ab-824da75fb7e2');
INSERT INTO ef_classes (id, name, grade, teacher_id) VALUES ('b5454c97-3ad1-453d-ab64-79dd2055573f', 'GEOGRAFIA', 'MÓDULO INFO IIIB', '11bf850f-95a8-4daa-82ab-824da75fb7e2');
INSERT INTO ef_classes (id, name, grade, teacher_id) VALUES ('c1d31389-552b-4d02-8019-6169ff368216', 'GEOGRAFIA', 'MÓDULO INFO VA', '11bf850f-95a8-4daa-82ab-824da75fb7e2');
INSERT INTO ef_classes (id, name, grade, teacher_id) VALUES ('fed46602-eee6-41e1-8dd7-8e503bb4bcca', 'GEOGRAFIA', 'MÓDULO INFO VB', '11bf850f-95a8-4daa-82ab-824da75fb7e2');
INSERT INTO ef_classes (id, name, grade, teacher_id) VALUES ('e89190df-4c16-4cd6-be62-ac724da2139f', 'GEOGRAFIA', 'MÓDULO INFO VC', '11bf850f-95a8-4daa-82ab-824da75fb7e2');
INSERT INTO ef_classes (id, name, grade, teacher_id) VALUES ('964b8cea-56cb-41da-a1de-901a20795db4', 'GEOGRAFIA', 'MÓDULO INFO VD', '11bf850f-95a8-4daa-82ab-824da75fb7e2');
INSERT INTO ef_classes (id, name, grade, teacher_id) VALUES ('7d293411-f0dc-4b59-92f4-dd8976eb59de', 'GEOGRAFIA', 'MÓDULO MARK IA', '11bf850f-95a8-4daa-82ab-824da75fb7e2');
INSERT INTO ef_classes (id, name, grade, teacher_id) VALUES ('77856b84-f2e8-4dcb-9be4-2f72442143cf', 'HISTÓRIA', 'MÓDULO ALTE IA', '337dbd14-ae08-4f7d-8b15-da61f1f7a1aa');
INSERT INTO ef_classes (id, name, grade, teacher_id) VALUES ('f23e156b-0f00-4fd5-8be5-7e3251c56b24', 'HISTÓRIA', 'MÓDULO INFO IIIA', '337dbd14-ae08-4f7d-8b15-da61f1f7a1aa');
INSERT INTO ef_classes (id, name, grade, teacher_id) VALUES ('18076204-6878-4d3e-b5fe-8c02de05feb8', 'HISTÓRIA', 'MÓDULO INFO IIIB', '337dbd14-ae08-4f7d-8b15-da61f1f7a1aa');
INSERT INTO ef_classes (id, name, grade, teacher_id) VALUES ('9e7300df-4b11-4baa-8463-0e7ed831a1ea', 'HISTÓRIA', 'MÓDULO INFO VA', '337dbd14-ae08-4f7d-8b15-da61f1f7a1aa');
INSERT INTO ef_classes (id, name, grade, teacher_id) VALUES ('9ed8b2a4-1b00-41f5-8320-85f4416ea5c2', 'HISTÓRIA', 'MÓDULO INFO VB', '337dbd14-ae08-4f7d-8b15-da61f1f7a1aa');
INSERT INTO ef_classes (id, name, grade, teacher_id) VALUES ('7d188d9c-cf42-4ca4-bcb0-aedb3c6613e5', 'HISTÓRIA', 'MÓDULO INFO VC', '337dbd14-ae08-4f7d-8b15-da61f1f7a1aa');
INSERT INTO ef_classes (id, name, grade, teacher_id) VALUES ('d0908a4c-d3e6-4cf4-becf-46682610bc56', 'HISTÓRIA', 'MÓDULO INFO VD', '337dbd14-ae08-4f7d-8b15-da61f1f7a1aa');
INSERT INTO ef_classes (id, name, grade, teacher_id) VALUES ('4ca1e19d-4755-4e7c-b8ac-9ce2da1f8d17', 'HISTÓRIA', 'MÓDULO MARK IA', '337dbd14-ae08-4f7d-8b15-da61f1f7a1aa');
INSERT INTO ef_classes (id, name, grade, teacher_id) VALUES ('586277de-4e20-49c6-b3f8-b139f2a28bc3', 'FILOSOFIA', 'MÓDULO ALTE IA', 'fa6329e5-117f-42d1-8527-ba9e2630e053');
INSERT INTO ef_classes (id, name, grade, teacher_id) VALUES ('70e8d175-ab13-4bdb-b8d6-aaed4b16d84e', 'FILOSOFIA', 'MÓDULO INFO IIIA', 'fa6329e5-117f-42d1-8527-ba9e2630e053');
INSERT INTO ef_classes (id, name, grade, teacher_id) VALUES ('fb803299-5860-48b4-9665-f148b3436304', 'FILOSOFIA', 'MÓDULO INFO IIIB', 'fa6329e5-117f-42d1-8527-ba9e2630e053');
INSERT INTO ef_classes (id, name, grade, teacher_id) VALUES ('ae95f121-8bad-4759-bc01-c3fd31decdc2', 'FILOSOFIA', 'MÓDULO INFO IA', 'fa6329e5-117f-42d1-8527-ba9e2630e053');
INSERT INTO ef_classes (id, name, grade, teacher_id) VALUES ('6a916a6a-6a9d-46ee-a71e-bbc7722bb403', 'FILOSOFIA', 'MÓDULO MARK IA', 'fa6329e5-117f-42d1-8527-ba9e2630e053');
INSERT INTO ef_classes (id, name, grade, teacher_id) VALUES ('954ca3d9-fdba-4d83-a5c2-453ec183fcaf', 'FILOSOFIA', 'MÓDULO INFO VA', 'fa6329e5-117f-42d1-8527-ba9e2630e053');
INSERT INTO ef_classes (id, name, grade, teacher_id) VALUES ('db055339-325b-4ddd-ad51-ccbd7d4444ca', 'FILOSOFIA', 'MÓDULO INFO VB', 'fa6329e5-117f-42d1-8527-ba9e2630e053');
INSERT INTO ef_classes (id, name, grade, teacher_id) VALUES ('29b80b6b-f19a-4158-bd1f-78067e38e4f6', 'FILOSOFIA', 'MÓDULO INFO VC', 'fa6329e5-117f-42d1-8527-ba9e2630e053');
INSERT INTO ef_classes (id, name, grade, teacher_id) VALUES ('86e9048f-54e7-449e-a644-d4f5a421d270', 'FILOSOFIA', 'MÓDULO INFO VD', 'fa6329e5-117f-42d1-8527-ba9e2630e053');
INSERT INTO ef_classes (id, name, grade, teacher_id) VALUES ('cab70d0b-60bb-4304-8aaa-ee414018fd6b', 'SOCIOLOGIA', 'MÓDULO ALTE IA', 'fa6329e5-117f-42d1-8527-ba9e2630e053');
INSERT INTO ef_classes (id, name, grade, teacher_id) VALUES ('313c762d-3ed9-42cd-86d8-8ce46cc93cc0', 'SOCIOLOGIA', 'MÓDULO INFO IIIA', 'fa6329e5-117f-42d1-8527-ba9e2630e053');
INSERT INTO ef_classes (id, name, grade, teacher_id) VALUES ('07ee6d4d-1fae-4be0-b1c7-4643d82d94fb', 'SOCIOLOGIA', 'MÓDULO INFO IIIB', 'fa6329e5-117f-42d1-8527-ba9e2630e053');
INSERT INTO ef_classes (id, name, grade, teacher_id) VALUES ('c78d6065-5d94-42b4-beca-682fb8484019', 'SOCIOLOGIA', 'MÓDULO INFO IA', 'fa6329e5-117f-42d1-8527-ba9e2630e053');
INSERT INTO ef_classes (id, name, grade, teacher_id) VALUES ('7884258b-633a-4061-a0c9-2a982f413b45', 'SOCIOLOGIA', 'MÓDULO MARK IA', 'fa6329e5-117f-42d1-8527-ba9e2630e053');
INSERT INTO ef_classes (id, name, grade, teacher_id) VALUES ('755a6967-4ff9-4fe0-951d-438965624e5d', 'SOCIOLOGIA', 'MÓDULO INFO VA', 'fa6329e5-117f-42d1-8527-ba9e2630e053');
INSERT INTO ef_classes (id, name, grade, teacher_id) VALUES ('77965bf0-c891-4c7d-82fa-bc3a929ec312', 'SOCIOLOGIA', 'MÓDULO INFO VB', 'fa6329e5-117f-42d1-8527-ba9e2630e053');
INSERT INTO ef_classes (id, name, grade, teacher_id) VALUES ('eda09529-8c98-4a4b-b7a5-3a221aa11682', 'SOCIOLOGIA', 'MÓDULO INFO VC', 'fa6329e5-117f-42d1-8527-ba9e2630e053');
INSERT INTO ef_classes (id, name, grade, teacher_id) VALUES ('45ecdead-6544-4d80-a2b7-8e6752f3f742', 'SOCIOLOGIA', 'MÓDULO INFO VD', 'fa6329e5-117f-42d1-8527-ba9e2630e053');
INSERT INTO ef_classes (id, name, grade, teacher_id) VALUES ('21b0c5d0-fd14-4954-80b7-148b5b9efef1', 'EMPREENDEDORISMO PARA TI', 'MÓDULO INFO VA', 'a9915d88-b067-4fc6-b208-38e77cea2722');
INSERT INTO ef_classes (id, name, grade, teacher_id) VALUES ('67d81a23-cdae-48cf-b60f-e7a42388a09c', 'EMPREENDEDORISMO PARA TI', 'MÓDULO INFO IIIA', 'a9915d88-b067-4fc6-b208-38e77cea2722');
INSERT INTO ef_classes (id, name, grade, teacher_id) VALUES ('646d5b52-458c-40d1-bc47-766c744b3348', 'ELETIVA ORIENTADA', 'MÓDULO INFO VA', 'a9915d88-b067-4fc6-b208-38e77cea2722');
INSERT INTO ef_classes (id, name, grade, teacher_id) VALUES ('cfe237cf-b742-4cf1-adc1-f688a95c70db', 'ELETIVA ORIENTADA', 'MÓDULO INFO IIIA', 'a9915d88-b067-4fc6-b208-38e77cea2722');
INSERT INTO ef_classes (id, name, grade, teacher_id) VALUES ('72d4e742-05de-49a4-b2e0-8c86f674104e', 'PROJETO DE APRENDIZAGEM INTERDISCIPLINAR', 'MÓDULO INFO VA', 'a9915d88-b067-4fc6-b208-38e77cea2722');
INSERT INTO ef_classes (id, name, grade, teacher_id) VALUES ('e5d5907a-a570-4c9f-902d-4ded9f8b22f5', 'PROJETO DE APRENDIZAGEM INTERDISCIPLINAR', 'MÓDULO INFO IIIA', 'a9915d88-b067-4fc6-b208-38e77cea2722');
INSERT INTO ef_classes (id, name, grade, teacher_id) VALUES ('ecaabd14-c927-4504-8b3c-2960c012b6fa', 'PROJETO DE DESENVOLVIMENTO DE SISTEMAS', 'MÓDULO INFO VA', 'a9915d88-b067-4fc6-b208-38e77cea2722');
INSERT INTO ef_classes (id, name, grade, teacher_id) VALUES ('84f4c505-7040-481a-a7d8-d67839ad0e4e', 'PROJETO DE DESENVOLVIMENTO DE SISTEMAS', 'MÓDULO INFO IIIA', 'a9915d88-b067-4fc6-b208-38e77cea2722');
INSERT INTO ef_classes (id, name, grade, teacher_id) VALUES ('fb951ec0-4b13-4c08-82c2-bb61fbc3d43f', 'EMPREENDEDORISMO PARA TI', 'MÓDULO INFO VB', 'e0864437-9d7d-46be-83fc-b1ec75530f55');
INSERT INTO ef_classes (id, name, grade, teacher_id) VALUES ('d75a65e1-1f34-4511-87ed-66edb704fc31', 'EMPREENDEDORISMO PARA TI', 'MÓDULO INFO VC', 'e0864437-9d7d-46be-83fc-b1ec75530f55');
INSERT INTO ef_classes (id, name, grade, teacher_id) VALUES ('e95c3531-2e30-4f72-bafb-2cbd7abfd11e', 'PROJETO DE APRENDIZAGEM INTERDISCIPLINAR', 'MÓDULO INFO VB', 'e0864437-9d7d-46be-83fc-b1ec75530f55');
INSERT INTO ef_classes (id, name, grade, teacher_id) VALUES ('d621f3d9-fe66-4543-80cd-82ff5a1e413b', 'PROJETO DE APRENDIZAGEM INTERDISCIPLINAR', 'MÓDULO INFO VC', 'e0864437-9d7d-46be-83fc-b1ec75530f55');
INSERT INTO ef_classes (id, name, grade, teacher_id) VALUES ('99fb6179-0e40-4b76-af82-4c45fdfe50ef', 'ARTE', 'MÓDULO ALTE IA', 'cd3d415c-296e-4fc1-bb5b-8d2026cfa58f');
INSERT INTO ef_classes (id, name, grade, teacher_id) VALUES ('340000c2-1ed2-4dd3-9fe7-715466ba1290', 'ARTE', 'MÓDULO INFO IIIA', 'cd3d415c-296e-4fc1-bb5b-8d2026cfa58f');
INSERT INTO ef_classes (id, name, grade, teacher_id) VALUES ('dff6a275-8f34-4572-bd28-e554adf54560', 'ARTE', 'MÓDULO INFO III', 'cd3d415c-296e-4fc1-bb5b-8d2026cfa58f');
INSERT INTO ef_classes (id, name, grade, teacher_id) VALUES ('528c952a-b95c-43c7-9718-120293e3cb25', 'ELETIVA ORIENTADA', 'MÓDULO INFO VB', '63ddcc96-321a-4b51-9b1d-1019ab01727a');
INSERT INTO ef_classes (id, name, grade, teacher_id) VALUES ('66fcd6bd-e031-43c0-b44f-16c3145c8a1f', 'ELETIVA ORIENTADA', 'MÓDULO INFO VC', '63ddcc96-321a-4b51-9b1d-1019ab01727a');
INSERT INTO ef_classes (id, name, grade, teacher_id) VALUES ('0cc2d9ab-c995-4562-9174-1b7921d07743', 'ELETIVA ORIENTADA', 'MÓDULO INFO VD', '63ddcc96-321a-4b51-9b1d-1019ab01727a');
INSERT INTO ef_classes (id, name, grade, teacher_id) VALUES ('088a164f-6c0e-44fb-a007-ac6513d88ccc', 'ELETIVA ORIENTADA', 'MÓDULO MARK IA', '63ddcc96-321a-4b51-9b1d-1019ab01727a');
INSERT INTO ef_classes (id, name, grade, teacher_id) VALUES ('5e19d5b5-0ceb-44f9-af13-ed2ace80b31a', 'INTRODUÇÃO AO MARKETING', 'MÓDULO INFO VB', '63ddcc96-321a-4b51-9b1d-1019ab01727a');
INSERT INTO ef_classes (id, name, grade, teacher_id) VALUES ('2c4b56f2-30d3-4608-9b64-3e90c4da4f10', 'INTRODUÇÃO AO MARKETING', 'MÓDULO INFO VC', '63ddcc96-321a-4b51-9b1d-1019ab01727a');
INSERT INTO ef_classes (id, name, grade, teacher_id) VALUES ('a299ca6b-4ee7-4272-acba-8ccfde1f3cb1', 'INTRODUÇÃO AO MARKETING', 'MÓDULO INFO VD', '63ddcc96-321a-4b51-9b1d-1019ab01727a');
INSERT INTO ef_classes (id, name, grade, teacher_id) VALUES ('71e42127-5baf-4f6a-829a-a13cd142e15a', 'INTRODUÇÃO AO MARKETING', 'MÓDULO MARK IA', '63ddcc96-321a-4b51-9b1d-1019ab01727a');
INSERT INTO ef_classes (id, name, grade, teacher_id) VALUES ('68c6f684-7f9a-478d-b970-6a427c3d1571', 'PROJETO DE APRENDIZAGEM INTERDISCIPLINAR', 'MÓDULO INFO VB', '63ddcc96-321a-4b51-9b1d-1019ab01727a');
INSERT INTO ef_classes (id, name, grade, teacher_id) VALUES ('fefb9b7a-d43f-435a-af60-e6a94acddda2', 'PROJETO DE APRENDIZAGEM INTERDISCIPLINAR', 'MÓDULO INFO VC', '63ddcc96-321a-4b51-9b1d-1019ab01727a');
INSERT INTO ef_classes (id, name, grade, teacher_id) VALUES ('11cd06b3-4e53-4cbc-9fc3-52159cacd2b3', 'PROJETO DE APRENDIZAGEM INTERDISCIPLINAR', 'MÓDULO INFO VD', '63ddcc96-321a-4b51-9b1d-1019ab01727a');
INSERT INTO ef_classes (id, name, grade, teacher_id) VALUES ('def934e8-0af4-41e3-bddc-72f4c8f6d46c', 'PROJETO DE APRENDIZAGEM INTERDISCIPLINAR', 'MÓDULO MARK IA', '63ddcc96-321a-4b51-9b1d-1019ab01727a');
INSERT INTO ef_classes (id, name, grade, teacher_id) VALUES ('289b17d7-5f2b-4205-bb61-d93901404e4e', 'REDAÇÃO PARA MARKETING DIGITAL', 'MÓDULO INFO VB', '63ddcc96-321a-4b51-9b1d-1019ab01727a');
INSERT INTO ef_classes (id, name, grade, teacher_id) VALUES ('d0071030-d578-4ed6-85a8-c9f312950a97', 'REDAÇÃO PARA MARKETING DIGITAL', 'MÓDULO INFO VC', '63ddcc96-321a-4b51-9b1d-1019ab01727a');
INSERT INTO ef_classes (id, name, grade, teacher_id) VALUES ('04f8d37f-66f8-44da-8072-77bde4724d1e', 'REDAÇÃO PARA MARKETING DIGITAL', 'MÓDULO INFO VD', '63ddcc96-321a-4b51-9b1d-1019ab01727a');
INSERT INTO ef_classes (id, name, grade, teacher_id) VALUES ('95ad46f6-741d-4cd3-aa99-b76f5620d08d', 'REDAÇÃO PARA MARKETING DIGITAL', 'MÓDULO MARK IA', '63ddcc96-321a-4b51-9b1d-1019ab01727a');
INSERT INTO ef_classes (id, name, grade, teacher_id) VALUES ('005520ec-954f-4351-98b8-452aa5a46d5c', 'TECNOLOGIAS E AMBIENTES VIRTUAIS DA APRENDIZAGEM', 'MÓDULO INFO VB', '63ddcc96-321a-4b51-9b1d-1019ab01727a');
INSERT INTO ef_classes (id, name, grade, teacher_id) VALUES ('1fef2a24-6168-40dd-862d-dc0e96551844', 'TECNOLOGIAS E AMBIENTES VIRTUAIS DA APRENDIZAGEM', 'MÓDULO INFO VC', '63ddcc96-321a-4b51-9b1d-1019ab01727a');
INSERT INTO ef_classes (id, name, grade, teacher_id) VALUES ('b5ea5161-3050-4959-837f-7992d1b87b42', 'TECNOLOGIAS E AMBIENTES VIRTUAIS DA APRENDIZAGEM', 'MÓDULO INFO VD', '63ddcc96-321a-4b51-9b1d-1019ab01727a');
INSERT INTO ef_classes (id, name, grade, teacher_id) VALUES ('129eaa0b-bbb9-42dc-9e86-772ad4b3f1fc', 'TECNOLOGIAS E AMBIENTES VIRTUAIS DA APRENDIZAGEM', 'MÓDULO MARK IA', '63ddcc96-321a-4b51-9b1d-1019ab01727a');
INSERT INTO ef_classes (id, name, grade, teacher_id) VALUES ('852b7557-a200-428f-8658-51c2e15b19c4', 'FUNDAMENTOS DA ADMINISTRAÇÃO', 'MÓDULO INFO VB', '63ddcc96-321a-4b51-9b1d-1019ab01727a');
INSERT INTO ef_classes (id, name, grade, teacher_id) VALUES ('4388d0a1-b655-493c-9c74-65d3df32e486', 'FUNDAMENTOS DA ADMINISTRAÇÃO', 'MÓDULO INFO VC', '63ddcc96-321a-4b51-9b1d-1019ab01727a');
INSERT INTO ef_classes (id, name, grade, teacher_id) VALUES ('13cd0cf3-c7b0-4d4e-aae7-67df19882b20', 'FUNDAMENTOS DA ADMINISTRAÇÃO', 'MÓDULO INFO VD', '63ddcc96-321a-4b51-9b1d-1019ab01727a');
INSERT INTO ef_classes (id, name, grade, teacher_id) VALUES ('7a25f663-ea28-428b-bd49-212fee146af5', 'FUNDAMENTOS DA ADMINISTRAÇÃO', 'MÓDULO MARK IA', '63ddcc96-321a-4b51-9b1d-1019ab01727a');
INSERT INTO ef_classes (id, name, grade, teacher_id) VALUES ('5f958686-e2b3-43c5-b281-75d8c08c839a', 'BANCO DE DADOS', 'MÓDULO INFO IIIA', '39bb3cce-cd35-4d58-a126-0aca76aaa54d');
INSERT INTO ef_classes (id, name, grade, teacher_id) VALUES ('66c6d3f7-5cc3-4e36-8a9d-3b71200d2230', 'BANCO DE DADOS', 'MÓDULO INFO IIIB', '39bb3cce-cd35-4d58-a126-0aca76aaa54d');
INSERT INTO ef_classes (id, name, grade, teacher_id) VALUES ('9291f85d-5b1c-4cbc-87d6-f02a6491ffbb', 'BANCO DE DADOS', 'MÓDULO INFO IA', '39bb3cce-cd35-4d58-a126-0aca76aaa54d');
INSERT INTO ef_classes (id, name, grade, teacher_id) VALUES ('52b89eb1-6854-4ce2-84f3-24a5fe9a051c', 'ELETIVA ORIENTADA', 'MÓDULO INFO IIIA', '39bb3cce-cd35-4d58-a126-0aca76aaa54d');
INSERT INTO ef_classes (id, name, grade, teacher_id) VALUES ('fa28744c-5b39-45fe-9aef-c2f88cb37ddf', 'ELETIVA ORIENTADA', 'MÓDULO INFO IIIB', '39bb3cce-cd35-4d58-a126-0aca76aaa54d');
INSERT INTO ef_classes (id, name, grade, teacher_id) VALUES ('0f54aaab-5001-4b54-b87e-cb2df842bd73', 'ELETIVA ORIENTADA', 'MÓDULO INFO IA', '39bb3cce-cd35-4d58-a126-0aca76aaa54d');
INSERT INTO ef_classes (id, name, grade, teacher_id) VALUES ('c7eb4f56-3e73-4459-b628-914d856c43f8', 'PROGRAMAÇÃO PARA COMPUTADORES', 'MÓDULO INFO IIIA', '39bb3cce-cd35-4d58-a126-0aca76aaa54d');
INSERT INTO ef_classes (id, name, grade, teacher_id) VALUES ('9e656a5f-d9a6-4395-9a94-8884287c375f', 'PROGRAMAÇÃO PARA COMPUTADORES', 'MÓDULO INFO IIIB', '39bb3cce-cd35-4d58-a126-0aca76aaa54d');
INSERT INTO ef_classes (id, name, grade, teacher_id) VALUES ('229cc08e-2ab6-4507-a40b-f8e36530e744', 'PROGRAMAÇÃO PARA COMPUTADORES', 'MÓDULO INFO IA', '39bb3cce-cd35-4d58-a126-0aca76aaa54d');
INSERT INTO ef_classes (id, name, grade, teacher_id) VALUES ('576ecd5e-3bde-4719-ba90-34f40c6314f1', 'REDE DE COMPUTADORES', 'MÓDULO INFO IIIA', '39bb3cce-cd35-4d58-a126-0aca76aaa54d');
INSERT INTO ef_classes (id, name, grade, teacher_id) VALUES ('271c39da-5e9c-4940-8fed-33f26d86bae3', 'REDE DE COMPUTADORES', 'MÓDULO INFO IIIB', '39bb3cce-cd35-4d58-a126-0aca76aaa54d');
INSERT INTO ef_classes (id, name, grade, teacher_id) VALUES ('3ef436a4-e482-4d1b-9ae2-053f0e9861db', 'REDE DE COMPUTADORES', 'MÓDULO INFO IA', '39bb3cce-cd35-4d58-a126-0aca76aaa54d');
INSERT INTO ef_classes (id, name, grade, teacher_id) VALUES ('340a459e-ea78-48dd-a39b-dbd54a39ffa5', 'INFORMÁTICA APLICADA', 'MÓDULO INFO IIIA', '39bb3cce-cd35-4d58-a126-0aca76aaa54d');
INSERT INTO ef_classes (id, name, grade, teacher_id) VALUES ('4c902e59-7c6f-4b59-95cc-59bcacec4402', 'INFORMÁTICA APLICADA', 'MÓDULO INFO IIIB', '39bb3cce-cd35-4d58-a126-0aca76aaa54d');
INSERT INTO ef_classes (id, name, grade, teacher_id) VALUES ('54268b5b-5fd7-4ed4-8a9c-7b56ca406454', 'INFORMÁTICA APLICADA', 'MÓDULO INFO IA', '39bb3cce-cd35-4d58-a126-0aca76aaa54d');
INSERT INTO ef_classes (id, name, grade, teacher_id) VALUES ('8194166e-e34c-498f-896e-174a5b8702a9', 'PROJETO DE APRENDIZAGEM INTERDISCIPLINAR', 'MÓDULO INFO VD', 'dfbd3af9-2162-4eea-9392-49a2f8eeb916');
INSERT INTO ef_classes (id, name, grade, teacher_id) VALUES ('9b960f3c-0337-495e-9c02-02d3e698dc55', 'LINGUA ESPANHOLA', 'MÓDULO INFO VA', '37b2944b-a0b0-4f87-a6e6-f8dfa45b28e8');
INSERT INTO ef_classes (id, name, grade, teacher_id) VALUES ('e47e6d32-4d76-40a7-9f1f-c63c9efdf2ce', 'LINGUA ESPANHOLA', 'MÓDULO INFO VB', '37b2944b-a0b0-4f87-a6e6-f8dfa45b28e8');
INSERT INTO ef_classes (id, name, grade, teacher_id) VALUES ('148c3d7d-79f4-446e-a1e1-901702f2bd39', 'EDUCAÇÃO FÍSICA', 'MÓDULO ALTE IA', 'a42fa18d-853b-4539-a7a3-555fe707793b');
INSERT INTO ef_classes (id, name, grade, teacher_id) VALUES ('3788b6ef-3ad5-424e-a35e-c52a82e42dbc', 'EDUCAÇÃO FÍSICA', 'MÓDULO INFO IA', 'a42fa18d-853b-4539-a7a3-555fe707793b');
INSERT INTO ef_classes (id, name, grade, teacher_id) VALUES ('ca3be888-a5f0-4a61-9581-d2cb0ed7b11f', 'LÍNGUA PORTUGUESA', 'MÓDULO ALTE IA', '5b03a636-be5c-47c1-a4ca-9ff9610a3882');
INSERT INTO ef_classes (id, name, grade, teacher_id) VALUES ('0ff1fdc2-005d-4e73-9205-6e5622ab56dd', 'LÍNGUA PORTUGUESA', 'MÓDULO MARK IA', '5b03a636-be5c-47c1-a4ca-9ff9610a3882');
INSERT INTO ef_classes (id, name, grade, teacher_id) VALUES ('859f004c-9662-48d8-8b46-d1063e6713f0', 'LÍNGUA PORTUGUESA', 'MÓDULO INFO IA', '52c189c1-3870-414e-8afa-76d52aa363aa');
INSERT INTO ef_classes (id, name, grade, teacher_id) VALUES ('bee800f3-9c67-4e94-ad46-305b70faabfc', 'LÍNGUA PORTUGUESA', 'MÓDULO INFO VD', '52c189c1-3870-414e-8afa-76d52aa363aa');
INSERT INTO ef_students (id, name, class_id) VALUES ('d307199e-76a1-4c9d-9e20-17f3fe765262', 'ALINY MARIA DOS SANTOS SANTANA', 'MÓDULO INFO IA');
INSERT INTO ef_students (id, name, class_id) VALUES ('a04189c3-e6cd-45cd-9c46-0ef9a85ec9a7', 'AMADEU DAVID CORTEZ NUNES', 'MÓDULO INFO IIIA');
INSERT INTO ef_students (id, name, class_id) VALUES ('5df181cb-adb9-42d4-b3bf-3d5d072dd005', 'ADRIANA CONCEIÇÃO PEREIRA DE ALMEIDA', 'MÓDULO INFO IIIB');
INSERT INTO ef_students (id, name, class_id) VALUES ('248f4248-5db7-4325-be78-279f2a2c91e9', 'BELINA OLIVAL LIMA FAUSTINO', 'MÓDULO INFO VA');
INSERT INTO ef_students (id, name, class_id) VALUES ('c7a1c58c-8181-48f1-bdb4-0e118e03c02c', 'CLÉIA SILVA DE SÁ', 'MÓDULO INFO VB');
INSERT INTO ef_students (id, name, class_id) VALUES ('21b0c40d-f906-4e27-96a3-fe2015e7ed70', 'FRANCISCA JEOVANA MORAES FIALHO', 'MÓDULO INFO VB');
INSERT INTO ef_students (id, name, class_id) VALUES ('43126178-474a-4db5-ac82-fe9feed6fc5a', 'FRANCISCA JEOVANA MORAES FIALHO', 'MÓDULO INFO VC');
INSERT INTO ef_students (id, name, class_id) VALUES ('6015eb46-1e0a-4db4-9d99-f70adc7d674a', 'ANTONIO TALISSON DE SOUSA OLIVEIRA', 'MÓDULO INFO VD');
INSERT INTO ef_students (id, name, class_id) VALUES ('b3b0615c-b8d4-4df7-805f-79794e9a775f', 'ANA CAMILA DE CARVALHO SILVA', 'MÓDULO ALTE IA');
INSERT INTO ef_students (id, name, class_id) VALUES ('7ce54e6d-9085-41a9-827c-66f54ce8623f', 'ANA CAROLINY DOS SANTOS GOMES', 'MÓDULO MARK IA');
INSERT INTO ef_students (id, name, class_id) VALUES ('3e4d6475-4cc8-462d-8be6-8ca51a7f5476', 'ANA PAULA RODRIGUES MOURA', 'MÓDULO INFO IA');
INSERT INTO ef_students (id, name, class_id) VALUES ('1aac14c2-386c-412e-aa07-81549c8e3506', 'ANA CAROLINA RODRIGUES DE SOUZA', 'MÓDULO INFO IIIA');
INSERT INTO ef_students (id, name, class_id) VALUES ('f717084e-c363-4dcd-803a-2752575b0d46', 'ALINE GONCALVES DE MELO', 'MÓDULO INFO IIIB');
INSERT INTO ef_students (id, name, class_id) VALUES ('57fbe57c-a34c-4e2d-bcd7-4cca8d4588b4', 'CIBELE BRITO DO NASCIMENTO ANDRADE', 'MÓDULO INFO VA');
INSERT INTO ef_students (id, name, class_id) VALUES ('b1627325-81e4-4b36-af73-db1ac0b97dc2', 'DANUSA CLEMENTE DE SOUSA', 'MÓDULO INFO VB');
INSERT INTO ef_students (id, name, class_id) VALUES ('4ed09961-8702-4ce3-a39a-2b1660deb5ae', 'FRANCISCO EDER SIQUEIRA DOS SANTOS', 'MÓDULO INFO VB');
INSERT INTO ef_students (id, name, class_id) VALUES ('1c28f83b-0f15-44b0-822f-5031638dec2c', 'FRANCISCO EDER SIQUEIRA DOS SANTOS', 'MÓDULO INFO VC');
INSERT INTO ef_students (id, name, class_id) VALUES ('dd0a0824-aa86-40cb-9062-17e9ddb86200', 'CLIVALLYN RYAN RODRIGUES MELO DE SOUSA SILVA', 'MÓDULO INFO VD');
INSERT INTO ef_students (id, name, class_id) VALUES ('776d4b52-047c-4c65-9268-7fe95e301fcd', 'ANA CLESSIA SALVINO ALVES', 'MÓDULO ALTE IA');
INSERT INTO ef_students (id, name, class_id) VALUES ('a8182a15-5e9d-4322-8e30-7f11cc5ffb98', 'ANGELINA FERREIRA DO NASCIMENTO', 'MÓDULO MARK IA');
INSERT INTO ef_students (id, name, class_id) VALUES ('c1f78e26-8f21-4765-af10-93671d95bc3d', 'CIBELE DE CARVALHO NASCIMENTO DA SILVA', 'MÓDULO INFO IA');
INSERT INTO ef_students (id, name, class_id) VALUES ('510f62e6-a256-428f-8a9c-8ea3597d1357', 'BRENDA KALYNE FERREIRA DE OLIVEIRA', 'MÓDULO INFO IIIA');
INSERT INTO ef_students (id, name, class_id) VALUES ('14b41bd2-9390-4e77-9035-dacf2eac502a', 'CARLA PATRICIA SOUSA OLIVEIRA', 'MÓDULO INFO IIIB');
INSERT INTO ef_students (id, name, class_id) VALUES ('f27f1e3e-a400-490d-bc79-b2d757af421a', 'DANIELE VITORIA CARNEIRO GOMES', 'MÓDULO INFO VA');
INSERT INTO ef_students (id, name, class_id) VALUES ('2bde0632-e4a0-49e1-a0f3-d2be9908fd09', 'DAVID KAUAN DA SILVA COSTA', 'MÓDULO INFO VB');
INSERT INTO ef_students (id, name, class_id) VALUES ('463bcd78-2405-4e81-8784-ef7182091603', 'ISAIAS DOS REIS DE SOUZA', 'MÓDULO INFO VB');
INSERT INTO ef_students (id, name, class_id) VALUES ('371c523a-458c-482c-92bf-c3a7303e9599', 'ISAIAS DOS REIS DE SOUZA', 'MÓDULO INFO VC');
INSERT INTO ef_students (id, name, class_id) VALUES ('c086bc4c-ca2d-4353-97ee-695a39a852d7', 'IZA DA SILVA LEAL LIMA', 'MÓDULO INFO VD');
INSERT INTO ef_students (id, name, class_id) VALUES ('b3dddc6f-d476-430f-9233-25dd11903e96', 'ANDERSON DENILSON PEREIRA DE SOUSA', 'MÓDULO ALTE IA');
INSERT INTO ef_students (id, name, class_id) VALUES ('6c8e51ba-a891-468b-8c62-1d8f00bfa413', 'DANIEL DE ALMEIDA NERES', 'MÓDULO MARK IA');
INSERT INTO ef_students (id, name, class_id) VALUES ('f588f725-f710-4e31-b6fa-379f7fdc3023', 'EDUARDA ABREU DOS SANTOS', 'MÓDULO INFO IA');
INSERT INTO ef_students (id, name, class_id) VALUES ('4de9d082-bfdd-480e-b7b2-8b44275714cc', 'FELIPE DE OLIVEIRA ARAUJO', 'MÓDULO INFO IIIA');
INSERT INTO ef_students (id, name, class_id) VALUES ('6e1cccc9-0d32-4548-b01f-9d37d9e296a2', 'ERLANE NASCIMENTO DE SOUSA', 'MÓDULO INFO IIIB');
INSERT INTO ef_students (id, name, class_id) VALUES ('e729314a-2571-4628-a459-6d6612c8ac28', 'FABIÚLA MEDEIROS ASSUNÇÃO', 'MÓDULO INFO VA');
INSERT INTO ef_students (id, name, class_id) VALUES ('aeda5d10-ef08-41e0-8f05-4d92828216c2', 'FRANCILDO LEMOS PEREIRA DOS ANJOS', 'MÓDULO INFO VB');
INSERT INTO ef_students (id, name, class_id) VALUES ('3a6616ce-8d39-4a2c-aa71-b4da1806327f', 'MARIA DA CRUZ DE ANDRADE OLIVEIRA', 'MÓDULO INFO VB');
INSERT INTO ef_students (id, name, class_id) VALUES ('87a116fb-2478-426e-8802-508c897bf82a', 'MARIA DA CRUZ DE ANDRADE OLIVEIRA', 'MÓDULO INFO VC');
INSERT INTO ef_students (id, name, class_id) VALUES ('2f116682-79e0-4313-8c6c-edf371aa7b7b', 'JAIRO BELFORT SILVA', 'MÓDULO INFO VD');
INSERT INTO ef_students (id, name, class_id) VALUES ('579620d2-f365-4624-b53f-ee15df986ab4', 'BRUNA OLIVEIRA DE CARVALHO', 'MÓDULO ALTE IA');
INSERT INTO ef_students (id, name, class_id) VALUES ('d4ebccd0-6bc9-413e-9eff-29ebdbe567ba', 'DRIELI DA CONCEIÇÃO DE MORAIS', 'MÓDULO MARK IA');
INSERT INTO ef_students (id, name, class_id) VALUES ('6ad50e96-694e-4d18-95fe-5d4e06491c70', 'ELIAS DA SILVA FORTES OLIVEIRA', 'MÓDULO INFO IA');
INSERT INTO ef_students (id, name, class_id) VALUES ('9cc08e9f-3f70-4abd-957d-3efc1971bf37', 'FLÁVIO WILLIAM SILVA SOUSA', 'MÓDULO INFO IIIA');
INSERT INTO ef_students (id, name, class_id) VALUES ('1ac1cf6b-db00-4747-98e7-2daf551e3e48', 'FRANCIMAURA DE SOUSA VELÔSO', 'MÓDULO INFO IIIB');
INSERT INTO ef_students (id, name, class_id) VALUES ('a6387ff6-0baf-4c09-a2d1-790295e3e655', 'GIOVANNA DE MOURA FREITAS SILVA LIMA', 'MÓDULO INFO VA');
INSERT INTO ef_students (id, name, class_id) VALUES ('a61a79eb-5d41-4d09-8d88-7dd0bbfc7ef9', 'FRANCILENE DIAS SANTOS', 'MÓDULO INFO VB');
INSERT INTO ef_students (id, name, class_id) VALUES ('8fd9e21b-b2db-4b57-9e64-9454ecafcbb5', 'PALOMA CRISTINA FRANÇA OLIVEIRA', 'MÓDULO INFO VB');
INSERT INTO ef_students (id, name, class_id) VALUES ('88f8ec19-4025-4306-9d91-3e9405689d83', 'PALOMA CRISTINA FRANÇA OLIVEIRA', 'MÓDULO INFO VC');
INSERT INTO ef_students (id, name, class_id) VALUES ('3dc33ee1-9acd-409d-ae66-108a305a388b', 'JENNYFER LORRANY DA CUNHA RODRIGUES', 'MÓDULO INFO VD');
INSERT INTO ef_students (id, name, class_id) VALUES ('714ceaef-9664-475f-a72d-154cd1f12cea', 'EMILLY OHANNA DE ANDRADE SILVA', 'MÓDULO ALTE IA');
INSERT INTO ef_students (id, name, class_id) VALUES ('843ccf39-a4af-4357-af6a-926c155d9b6a', 'ELIANE PEREIRA LACERDA', 'MÓDULO MARK IA');
INSERT INTO ef_students (id, name, class_id) VALUES ('d841c0dc-cd42-4ac8-8a65-350262c24696', 'EVELLYN DE CARVALHO NASCIMENTO DA SILVA', 'MÓDULO INFO IA');
INSERT INTO ef_students (id, name, class_id) VALUES ('0849967e-18ea-45ef-9f85-fa1f5641f795', 'GUILHERME RODRIGUES DA SILVA GONCALVES', 'MÓDULO INFO IIIA');
INSERT INTO ef_students (id, name, class_id) VALUES ('defde792-ef71-4c36-ac07-baf9695465c7', 'FRANCISCA MARIA DOS SANTOS BRAGA', 'MÓDULO INFO IIIB');
INSERT INTO ef_students (id, name, class_id) VALUES ('db3c6b50-eba3-4f70-bda6-eab9e4f53175', 'IAGO ASSUNÇÃO SIMIÃO DA SILVA', 'MÓDULO INFO VA');
INSERT INTO ef_students (id, name, class_id) VALUES ('2241b5ee-53c1-43c1-8ccf-46581b652a14', 'FRANCISCO TIAGO DE SOUZA SILVA', 'MÓDULO INFO VB');
INSERT INTO ef_students (id, name, class_id) VALUES ('5345b610-419f-4cfb-93a1-7f62e479a1a9', 'RAMON DE OLIVEIRA MORAES', 'MÓDULO INFO VB');
INSERT INTO ef_students (id, name, class_id) VALUES ('bd7eac0f-3be5-45ec-a832-4993e6826a78', 'RAMON DE OLIVEIRA MORAES', 'MÓDULO INFO VC');
INSERT INTO ef_students (id, name, class_id) VALUES ('613e3f1c-791d-4dcc-ae5b-49c34d66371e', 'KLIS MARLEY VIANA ARAUJO', 'MÓDULO INFO VD');
INSERT INTO ef_students (id, name, class_id) VALUES ('b4d99a5d-6c20-48af-aa62-673b3e82c02e', 'FRANCISCO DE ASSIS DA CUNHA MARQUES', 'MÓDULO ALTE IA');
INSERT INTO ef_students (id, name, class_id) VALUES ('8bb2c61c-ebc1-48ad-a0f3-b1603f6a8fd4', 'FRANCIELLY YASMIM FERREIRA DE ANDRADE', 'MÓDULO MARK IA');
INSERT INTO ef_students (id, name, class_id) VALUES ('8de9ce06-a2e9-4ad7-8935-ac49d464ae0a', 'FRANCISCA MARIA DA CONCEICAO SILVA', 'MÓDULO INFO IA');
INSERT INTO ef_students (id, name, class_id) VALUES ('5b97c982-67ba-4d41-bc86-4bf88a0763b6', 'HENRY LUIS GOMES QUEIROZ SANTANA', 'MÓDULO INFO IIIA');
INSERT INTO ef_students (id, name, class_id) VALUES ('5218d05e-66fc-4db7-9ee4-edb760e982bd', 'GUILHERME DOS SANTOS BRITO', 'MÓDULO INFO IIIB');
INSERT INTO ef_students (id, name, class_id) VALUES ('d1ea5fca-fa16-4138-8853-787e419a5673', 'JOSÉ HOLANDA MENDES', 'MÓDULO INFO VA');
INSERT INTO ef_students (id, name, class_id) VALUES ('5d644501-6959-438a-a562-9c03442e2089', 'ILANNA MARA NASCIMENTO', 'MÓDULO INFO VB');
INSERT INTO ef_students (id, name, class_id) VALUES ('d6652b29-dece-41f9-b34c-b26921733cde', 'RAQUEL DA SILVA CARVALHO', 'MÓDULO INFO VB');
INSERT INTO ef_students (id, name, class_id) VALUES ('febb15cd-619c-409c-8cd2-7d6a765f65b1', 'RAQUEL DA SILVA CARVALHO', 'MÓDULO INFO VC');
INSERT INTO ef_students (id, name, class_id) VALUES ('cfd6ebb9-04a9-4e88-83e5-801ac902082b', 'LETICIA RODRIGUES SILVA', 'MÓDULO INFO VD');
INSERT INTO ef_students (id, name, class_id) VALUES ('c091ef29-afa7-4e05-a7da-c65d715b05cb', 'FRANCISCO OTAVIO VIANA DE SOUSA', 'MÓDULO ALTE IA');
INSERT INTO ef_students (id, name, class_id) VALUES ('0ea216c1-ce06-4001-b7e0-ed1588e963d6', 'GRAZIELLE DA LUZ VIEIRA', 'MÓDULO MARK IA');
INSERT INTO ef_students (id, name, class_id) VALUES ('919c27b8-6d64-46b2-9296-267c8a11ff40', 'FRANCISCA MARIA GOMES BARBOSA', 'MÓDULO INFO IA');
INSERT INTO ef_students (id, name, class_id) VALUES ('fc0752a9-f61b-4bcf-a55f-394fc7bf60f8', 'ISAMARA JOVITA ARAUJO TORRES', 'MÓDULO INFO IIIA');
INSERT INTO ef_students (id, name, class_id) VALUES ('a0a7ba44-5f0e-4958-958f-4a43f3786804', 'IASMIN ROCHA DOS SANTOS', 'MÓDULO INFO IIIB');
INSERT INTO ef_students (id, name, class_id) VALUES ('ba81f955-294c-4175-8c0b-4025bf5ff2e8', 'KAIRO WESLEY ALVES FRASAO', 'MÓDULO INFO VA');
INSERT INTO ef_students (id, name, class_id) VALUES ('0f35302f-4f91-42ab-be3c-4c82a69794cd', 'ISANILDE PEREIRA DE SOUSA', 'MÓDULO INFO VB');
INSERT INTO ef_students (id, name, class_id) VALUES ('480ac7a0-56b5-44cb-9177-24dcd3589cd4', 'ROSIVALDO DOS SANTOS SILVA', 'MÓDULO INFO VB');
INSERT INTO ef_students (id, name, class_id) VALUES ('dafcc49e-dce9-4491-83d5-c118e8db6ab1', 'ROSIVALDO DOS SANTOS SILVA', 'MÓDULO INFO VC');
INSERT INTO ef_students (id, name, class_id) VALUES ('4ee3862e-2c5c-4c14-b202-847f95337367', 'LUCAS KALEB LOPES BATALHA', 'MÓDULO INFO VD');
INSERT INTO ef_students (id, name, class_id) VALUES ('f7baee55-ad2f-48ca-88e6-9e00f24d2f04', 'GEOVANE MENDES DA SILVA', 'MÓDULO ALTE IA');
INSERT INTO ef_students (id, name, class_id) VALUES ('61b4290c-2429-4934-a492-5a48247beca4', 'MARIA DO SOCORRO SANTOS BRITO', 'MÓDULO MARK IA');
INSERT INTO ef_students (id, name, class_id) VALUES ('00780ee9-c3b6-4ac2-9254-7e0db3b89061', 'JARDEL SANTOS ARAÚJO', 'MÓDULO INFO IA');
INSERT INTO ef_students (id, name, class_id) VALUES ('5459a124-3f4a-4f9a-a17c-acc2457b59d7', 'JACKSON DA COSTA SANTOS', 'MÓDULO INFO IIIA');
INSERT INTO ef_students (id, name, class_id) VALUES ('8c8347fb-cb96-4417-b9ae-de5aadfce825', 'ISADORA AGUIAR DOS SANTOS', 'MÓDULO INFO IIIB');
INSERT INTO ef_students (id, name, class_id) VALUES ('e8861a37-b249-4bf8-8b52-135419b3ec80', 'LUCAS VINICIO PINTO FONTINELE', 'MÓDULO INFO VA');
INSERT INTO ef_students (id, name, class_id) VALUES ('3a3abc6b-1132-4e97-808e-3c12863dd59d', 'JOAO BATISTA DUARDO DE CARVALHO', 'MÓDULO INFO VB');
INSERT INTO ef_students (id, name, class_id) VALUES ('1972a5ea-b3de-4049-8946-60a397ec5090', 'THAMARA KELY DA SILVA', 'MÓDULO INFO VB');
INSERT INTO ef_students (id, name, class_id) VALUES ('1f8e8b41-6f22-47a2-9752-9b83c83f2d49', 'THAMARA KELY DA SILVA', 'MÓDULO INFO VC');
INSERT INTO ef_students (id, name, class_id) VALUES ('1f675b0c-5031-41ff-ba93-6b9b0fc0592a', 'LUCAS MATEUS RODRIGUES SILVA', 'MÓDULO INFO VD');
INSERT INTO ef_students (id, name, class_id) VALUES ('5de48af8-6e28-4066-8aaa-2775d24edb24', 'IRIS BEATRIZ FERREIRA DA SILVA', 'MÓDULO ALTE IA');
INSERT INTO ef_students (id, name, class_id) VALUES ('fa384f4d-506f-4308-935e-d9dacfa84bf7', 'MARIA MILENA VIANA DA ROCHA', 'MÓDULO MARK IA');
INSERT INTO ef_students (id, name, class_id) VALUES ('aff18615-85aa-4bda-92a8-0c54631a20d2', 'KETLEY LORRANE PEREIRA DE SOUSA', 'MÓDULO INFO IA');
INSERT INTO ef_students (id, name, class_id) VALUES ('2fc816e5-b493-488f-a227-6470dc74876c', 'JANA CLEA FERREIRA DE CARVALHO', 'MÓDULO INFO IIIA');
INSERT INTO ef_students (id, name, class_id) VALUES ('89c230e1-973c-41b9-91c8-bd425daa6e52', 'JOSÉ BALDOMIRO BEZERRA DE SOUSA', 'MÓDULO INFO IIIB');
INSERT INTO ef_students (id, name, class_id) VALUES ('d2810188-7676-4466-8e40-033c434d37c2', 'LUCIA JULIANA DE ARAÚJO', 'MÓDULO INFO VA');
INSERT INTO ef_students (id, name, class_id) VALUES ('48c93e90-bcb8-4451-abd0-abfff1b6cfdf', 'KÁSSIA CLEMENTE DE SOUSA', 'MÓDULO INFO VB');
INSERT INTO ef_students (id, name, class_id) VALUES ('b89e1bba-9a9a-4590-ac23-d82e627c5e42', 'WALLAS MARQUES DA SILVA RIBEIRO', 'MÓDULO INFO VB');
INSERT INTO ef_students (id, name, class_id) VALUES ('2bfaa7e4-59fa-4ca5-ba74-9ef6c4a58dff', 'WALLAS MARQUES DA SILVA RIBEIRO', 'MÓDULO INFO VC');
INSERT INTO ef_students (id, name, class_id) VALUES ('74c83b4c-81ec-4844-a94a-ef59af046c8d', 'MARIA DA CRUZ MESQUITA CUNHA', 'MÓDULO INFO VD');
INSERT INTO ef_students (id, name, class_id) VALUES ('9c73b52c-e68f-4814-9409-5f70eeca1c1d', 'IVO ALEXANDRE LEAL LIMA', 'MÓDULO ALTE IA');
INSERT INTO ef_students (id, name, class_id) VALUES ('1c6c204d-54a0-4bcd-842f-6e5c2d088eaa', 'MARTA LAURA LOPES DE SOUSA', 'MÓDULO MARK IA');
INSERT INTO ef_students (id, name, class_id) VALUES ('bcb49e0f-4b6f-4c03-8872-b435df4b2b7f', 'KLAUDMILA LACERDA SILVA', 'MÓDULO INFO IA');
INSERT INTO ef_students (id, name, class_id) VALUES ('ca1dc633-639b-4360-8c94-ffde888f5e6d', 'JOSE GONCALVES DE ARAUJO', 'MÓDULO INFO IIIA');
INSERT INTO ef_students (id, name, class_id) VALUES ('5b1476cf-a455-4ad2-84d7-9912e626cae7', 'LUCAS SAMUEL DE SOUSA SILVA', 'MÓDULO INFO IIIB');
INSERT INTO ef_students (id, name, class_id) VALUES ('33669a52-dd46-425e-b2ea-c7ce3e4a21ca', 'PAULA LAIZE DOS SANTOS OLIVEIRA', 'MÓDULO INFO VA');
INSERT INTO ef_students (id, name, class_id) VALUES ('c1cae9e0-2658-49f7-acb5-bc8b95d0da11', 'MATHEUS RODRIGUES DOS SANTOS SILVA', 'MÓDULO INFO VB');
INSERT INTO ef_students (id, name, class_id) VALUES ('affaf086-92a0-4403-b98d-d2c27bcac945', 'YURE MATHEUS SOARES DE OLIVEIRA', 'MÓDULO INFO VB');
INSERT INTO ef_students (id, name, class_id) VALUES ('eebe3ccd-edb1-4f48-8a7f-055868712a26', 'YURE MATHEUS SOARES DE OLIVEIRA', 'MÓDULO INFO VC');
INSERT INTO ef_students (id, name, class_id) VALUES ('c43c63de-e041-46a2-812e-a39ff788002e', 'MARIA VITÓRIA SOARES PESSOA VIEIRA', 'MÓDULO INFO VD');
INSERT INTO ef_students (id, name, class_id) VALUES ('9efecef2-a532-46f8-a5ad-46c1fe462490', 'JANAINA SOUSA DA SILVA', 'MÓDULO ALTE IA');
INSERT INTO ef_students (id, name, class_id) VALUES ('25eed420-67d9-4338-99df-8f94312c61c3', 'MIZAEL DA SILVA FERNANDES', 'MÓDULO MARK IA');
INSERT INTO ef_students (id, name, class_id) VALUES ('ed2861cf-1207-4ea7-8475-a46b8f90f563', 'LAIANE DE CARVALHO NASCIMENTO', 'MÓDULO INFO IA');
INSERT INTO ef_students (id, name, class_id) VALUES ('3cfb5733-8d7a-45fd-a86e-2281f34037c0', 'LARISSA ANTONELA DA SILVA PACIFICO', 'MÓDULO INFO IIIA');
INSERT INTO ef_students (id, name, class_id) VALUES ('c6962ac9-5778-4983-8634-47e3844aee95', 'MARIA DA GLORIA FERREIRA DÓRIA', 'MÓDULO INFO IIIB');
INSERT INTO ef_students (id, name, class_id) VALUES ('9c53eb19-8a6a-45b5-88e2-6d54d7e8e80c', 'PRISCILA AROUCHA DOS SANTOS', 'MÓDULO INFO VA');
INSERT INTO ef_students (id, name, class_id) VALUES ('db7dcb5d-c4e4-4259-b2c2-e5ac521f6f79', 'RAFAEL NETO DE MELO', 'MÓDULO INFO VB');
INSERT INTO ef_students (id, name, class_id) VALUES ('a74acfac-28f0-417d-9db5-91ec5319cf8c', 'MAURICIO VIANA GOMES', 'MÓDULO INFO VD');
INSERT INTO ef_students (id, name, class_id) VALUES ('a6700b24-47a4-482b-8ae8-018a532640e4', 'JOAO PAULO SOUSA DE AGUIAR', 'MÓDULO ALTE IA');
INSERT INTO ef_students (id, name, class_id) VALUES ('8563be51-ffbd-4754-acf8-219c813e5e48', 'MYRIAN DA SILVA BARROS', 'MÓDULO MARK IA');
INSERT INTO ef_students (id, name, class_id) VALUES ('8e7c3a86-c56b-43c9-92ea-4c42b6ebe34e', 'LÍVIA GABRIELLY FERREIRA NUNES NOGUEIRA', 'MÓDULO INFO IA');
INSERT INTO ef_students (id, name, class_id) VALUES ('58e1fac7-3559-4384-ba54-6d4dfbec31bc', 'LUIS CARLOS CRUZ SILVA', 'MÓDULO INFO IIIA');
INSERT INTO ef_students (id, name, class_id) VALUES ('c47b467b-e15e-4180-a324-0a85b4d9280b', 'MARIA JAQUELINE PINHEIRO SILVA', 'MÓDULO INFO IIIB');
INSERT INTO ef_students (id, name, class_id) VALUES ('0c37ad26-9951-4baa-baa8-1586e86b94c4', 'RAYCILLA ANNYELLE SOUSA DE ARAUJO', 'MÓDULO INFO VA');
INSERT INTO ef_students (id, name, class_id) VALUES ('ba36e9de-19b5-4c2c-8ca8-25b9af1a5b67', 'RITA PEREIRA DA SILVA', 'MÓDULO INFO VB');
INSERT INTO ef_students (id, name, class_id) VALUES ('b34eba87-00e1-4bd3-b2b7-cb8c83d11183', 'MELISSA GABRIELA LIMA DE ARAUJO', 'MÓDULO INFO VD');
INSERT INTO ef_students (id, name, class_id) VALUES ('5146321e-1f30-43fc-b147-77ba785b30ef', 'JOSE WELLINGTON DE ARAUJO', 'MÓDULO ALTE IA');
INSERT INTO ef_students (id, name, class_id) VALUES ('640f5a19-b61a-460e-8a18-ec0d846e0991', 'PALOMA CIBELY BRITO SILVA', 'MÓDULO MARK IA');
INSERT INTO ef_students (id, name, class_id) VALUES ('b14b7da4-62a0-4289-ac07-0d75f4c3e29d', 'MARIA DOS REIS DE OLIVEIRA SANTOS', 'MÓDULO INFO IA');
INSERT INTO ef_students (id, name, class_id) VALUES ('0d523fb6-b8a9-43c8-9c25-08389b5f7929', 'MARCOS SILVA DE OLIVEIRA', 'MÓDULO INFO IIIA');
INSERT INTO ef_students (id, name, class_id) VALUES ('1b99b79b-72b9-42ac-a639-ca20b7c6282f', 'MARIA RAMOS DO NASCIMENTO', 'MÓDULO INFO IIIB');
INSERT INTO ef_students (id, name, class_id) VALUES ('77b8a925-d601-4d53-a5a1-39fcf84dee56', 'VANESSA LAYNE DOS SANTOS CARVALHO', 'MÓDULO INFO VB');
INSERT INTO ef_students (id, name, class_id) VALUES ('d40022ce-bae1-4f9b-8f9e-4567fc3fb999', 'RAIMUNDO NONATO DOS SANTOS', 'MÓDULO INFO VD');
INSERT INTO ef_students (id, name, class_id) VALUES ('fad52867-812f-4492-9c68-9f21f1b00de6', 'KAUÃ MACHADO DE OLIVEIRA', 'MÓDULO ALTE IA');
INSERT INTO ef_students (id, name, class_id) VALUES ('de7b1f42-828e-442a-beda-363dda79065c', 'RAFAEL DAMAS VIANA', 'MÓDULO MARK IA');
INSERT INTO ef_students (id, name, class_id) VALUES ('6a299d38-68d4-4f4e-8b88-97062fce3507', 'MARIO LUIZ DA SILVA SANTOS', 'MÓDULO INFO IA');
INSERT INTO ef_students (id, name, class_id) VALUES ('5a0c7389-2254-4094-8a51-0d1bc64e2934', 'MARIA ANTONIA VIEIRA DA SILVA RODRIGUES', 'MÓDULO INFO IIIA');
INSERT INTO ef_students (id, name, class_id) VALUES ('1dd18b05-2acc-4603-89ac-b9783836acef', 'MARLENE DE OLIVEIRA MORAES', 'MÓDULO INFO IIIB');
INSERT INTO ef_students (id, name, class_id) VALUES ('a2ccc390-0a23-4503-9f00-9cfa3a1091a7', 'YASMIN VITORIA RODRIGUES DA SILVA', 'MÓDULO INFO VB');
INSERT INTO ef_students (id, name, class_id) VALUES ('b6a43098-f2a6-4222-894d-26ff29a77999', 'LUÍS FABIANO DA SILVA SOUSA FRANÇA', 'MÓDULO ALTE IA');
INSERT INTO ef_students (id, name, class_id) VALUES ('3208cadd-dd6d-48ca-956b-a5b094e2b9dc', 'RAFAELA DA SILVA SANTOS', 'MÓDULO MARK IA');
INSERT INTO ef_students (id, name, class_id) VALUES ('fe7b62b7-f545-44cd-9ef3-e6d49a354f1b', 'MISSILENE DE LAURENA', 'MÓDULO INFO IA');
INSERT INTO ef_students (id, name, class_id) VALUES ('1cf60729-5662-438a-a0cb-5256d254878d', 'MARIA ELIANE DE SOUSA', 'MÓDULO INFO IIIA');
INSERT INTO ef_students (id, name, class_id) VALUES ('2ff88cd2-f63f-41ca-9927-3d332d2ef34b', 'PEDRO HENRIQUE ALVES DA SILVA', 'MÓDULO INFO IIIB');
INSERT INTO ef_students (id, name, class_id) VALUES ('be5c2498-ffef-4f22-b2de-faaa1521de1e', 'MARIA CLARA PEREIRA DOS REIS', 'MÓDULO ALTE IA');
INSERT INTO ef_students (id, name, class_id) VALUES ('74d6258f-bb1c-4303-a1de-30889e271eb0', 'RAQUEL SAMARA PEREIRA DA SILVA', 'MÓDULO INFO IA');
INSERT INTO ef_students (id, name, class_id) VALUES ('95466efa-cb81-4973-9ec3-8d55bbc9c3d5', 'MARIA VITÓRIA FREITAS GALVÃO', 'MÓDULO INFO IIIA');
INSERT INTO ef_students (id, name, class_id) VALUES ('26d4c3f0-98a5-40d4-8c23-15a637c67a63', 'RAILTON GABRIEL PEREIRA DOS SANTOS', 'MÓDULO INFO IIIB');
INSERT INTO ef_students (id, name, class_id) VALUES ('0571e8cf-499c-4639-a80d-a34320f261fe', 'MARIA CLARA PIMENTA DA SILVA', 'MÓDULO ALTE IA');
INSERT INTO ef_students (id, name, class_id) VALUES ('4d279b3a-cf23-489b-a011-3b9f1d05d7e4', 'RAYRA VITORIA DA ROCHA DE JESUS', 'MÓDULO INFO IA');
INSERT INTO ef_students (id, name, class_id) VALUES ('04dc01d9-8033-4f51-9a70-0b8641a9585d', 'SABRINA LIMA OLIVEIRA', 'MÓDULO INFO IIIA');
INSERT INTO ef_students (id, name, class_id) VALUES ('9c499cfb-60d2-433d-a5b8-16b8561cec4c', 'TAMIRES SOUSA DOS SANTOS', 'MÓDULO INFO IIIB');
INSERT INTO ef_students (id, name, class_id) VALUES ('6090608d-3f73-41a3-b0e3-0140b88485c5', 'PÂMELLA COSTA SILVA', 'MÓDULO ALTE IA');
INSERT INTO ef_students (id, name, class_id) VALUES ('d0af0350-98c9-42e4-8dd3-429ae0cd162b', 'RYAN WYLLYAN NUNES PEREIRA', 'MÓDULO INFO IA');
INSERT INTO ef_students (id, name, class_id) VALUES ('5e3fbdb8-d074-4367-90a9-eb6f7379ea74', 'SUZANA RAQUEL SANTOS SILVA', 'MÓDULO INFO IIIA');
INSERT INTO ef_students (id, name, class_id) VALUES ('160a5cef-6531-4335-84de-75529934de0c', 'VANESSA ADRIELE SOAREZ DA SILVA', 'MÓDULO INFO IIIB');
INSERT INTO ef_students (id, name, class_id) VALUES ('56f80516-ee43-4c1a-9351-88931abd2bf5', 'SARA VITÓRIA SANTOS ARAÚJO', 'MÓDULO ALTE IA');
INSERT INTO ef_students (id, name, class_id) VALUES ('e824bbba-f507-49e1-88da-c552178327fc', 'THIAGO DANIEL DA SILVA PINTO', 'MÓDULO INFO IIIA');
INSERT INTO ef_students (id, name, class_id) VALUES ('0dcf76b6-f595-49c0-856a-7dcd1b3d9f03', 'TAILA MARIA PEREIRA SILVA QUADRO', 'MÓDULO ALTE IA');
INSERT INTO ef_students (id, name, class_id) VALUES ('92d53ce2-8a11-407a-88d0-c81eac8c5b38', 'THALLISON GABRIEL RODRIGUES DA SILVA', 'MÓDULO ALTE IA');
INSERT INTO ef_students (id, name, class_id) VALUES ('14840732-a760-453e-bd8a-170cb29c2a65', 'VINICIUS VIEIRA DE AGUIAR', 'MÓDULO ALTE IA');
INSERT INTO ef_students (id, name, class_id) VALUES ('e29741c3-11f8-4442-ae06-67bade9bfb37', 'VITÓRIA MARIA SOUSA MOURA', 'MÓDULO ALTE IA');
INSERT INTO ef_students (id, name, class_id) VALUES ('a94c1318-ae13-434b-bb5d-cd696590f528', 'WORBERT BANDEIRA DO NASCIMENTO', 'MÓDULO ALTE IA');
COMMIT;
